{
	"format_version": "1.8.0",
	"animations": {
		"animation.wugtrio.ground_idle": {
			"loop": true,
			"bones": {
				"body": {
					"rotation": [0, -5, 0]
				},
				"body1": {
					"rotation": [33.67843, 27.33185, -20.60765],
					"position": [0, 2, 0]
				},
				"body1_2": {
					"position": [0, -5, 0]
				},
				"body1_3": {
					"position": [0, -5, 0]
				},
				"body1_4": {
					"position": [0, -5, 0]
				},
				"body1_5": {
					"rotation": [-21.7873, 6.2776, 9.28804]
				},
				"head1": {
					"rotation": [-17.5, 0, 0]
				},
				"body2": {
					"rotation": [58.70498, -21.82931, 26.31127],
					"position": [-1, 2, 3]
				},
				"body2_2": {
					"position": [0, -5, 0]
				},
				"body2_3": {
					"rotation": [-29.66569, -4.20854, -9.07947]
				},
				"head2": {
					"rotation": [-20, 0, 0]
				},
				"body3": {
					"rotation": [-41.85288, 1.0735, 5.94542]
				},
				"body3_2": {
					"position": [0, -5, 0]
				},
				"body3_3": {
					"position": [0, -5, 0]
				},
				"body3_4": {
					"position": [0, -6, 0]
				},
				"body3_5": {
					"rotation": [25, 0, 0]
				},
				"head3": {
					"rotation": [17.5, 0, 0]
				}
			}
		},
		"animation.wugtrio.battle_idle": {
			"loop": true,
			"bones": {
				"body1": {
					"rotation": [55.70721, 40.56991, -15.97269]
				},
				"head1": {
					"rotation": [-5, 0, 0]
				},
				"body1_2": {
					"rotation": [-8.54574, -6.33785, 15.33072]
				},
				"body1_3": {
					"rotation": [-24.91643, 2.11089, 4.53359]
				},
				"body1_4": {
					"rotation": [-12.70914, -4.42172, 2.65543]
				},
				"body1_5": {
					"rotation": [-9.75153, -1.42748, 6.30259]
				},
				"body": {
					"rotation": [0, -5, 0]
				},
				"body2": {
					"rotation": [14.97576, -5.93398, 86.78674]
				},
				"body2_2": {
					"rotation": [-2.5, 0, -32.5]
				},
				"body2_3": {
					"rotation": [-5.04292, -7.4713, -26.8426]
				},
				"head2": {
					"rotation": [-1.83629, -1.8331, -20.05746]
				},
				"body3": {
					"rotation": [-84.981, 4.98093, 0.43688],
					"position": [0, 0, -1]
				},
				"body3_3": {
					"rotation": [22.4299, -1.70818, 4.69986]
				},
				"body3_4": {
					"rotation": [22.47911, -1.05627, 2.26603]
				},
				"body3_5": {
					"rotation": [14.94548, 1.29256, -4.83045]
				},
				"head3": {
					"rotation": [4.99527, 0.21782, -2.4905]
				},
				"body3_2": {
					"rotation": [22.5, 0, 0]
				}
			}
		},
		"animation.wugtrio.blink": {
			"animation_length": 0.1667,
			"bones": {
				"eyelid_left1": {
					"position": {
						"0.0": [0, 0, -0.1],
						"0.125": [0, 0, -0.1],
						"0.1667": [0, 0, 0]
					}
				},
				"eyelid_right1": {
					"position": {
						"0.0": [0, 0, -0.1],
						"0.125": [0, 0, -0.1],
						"0.1667": [0, 0, 0]
					}
				}
			}
		},
		"animation.wugtrio.blink2": {
			"animation_length": 0.1667,
			"bones": {
				"eyelid_left2": {
					"position": {
						"0.0": [0, 0, -0.1],
						"0.125": [0, 0, -0.1],
						"0.1667": [0, 0, 0]
					}
				},
				"eyelid_right2": {
					"position": {
						"0.0": [0, 0, -0.1],
						"0.125": [0, 0, -0.1],
						"0.1667": [0, 0, 0]
					}
				}
			}
		},
		"animation.wugtrio.blink3": {
			"animation_length": 0.1667,
			"bones": {
				"eyelid_left3": {
					"position": {
						"0.0": [0, 0, -0.1],
						"0.125": [0, 0, -0.1],
						"0.1667": [0, 0, 0]
					}
				},
				"eyelid_right3": {
					"position": {
						"0.0": [0, 0, -0.1],
						"0.125": [0, 0, -0.1],
						"0.1667": [0, 0, 0]
					}
				}
			}
		},
		"animation.wugtrio.angry": {
			"loop": true,
			"bones": {
				"eye_angry_left1": {
					"position": [0, 0, -0.1]
				},
				"eye_angry_right1": {
					"position": [0, 0, -0.1]
				},
				"eye_angry_left2": {
					"position": [0, 0, -0.1]
				},
				"eye_angry_right2": {
					"position": [0, 0, -0.1]
				},
				"eye_angry_left3": {
					"position": [0, 0, -0.1]
				},
				"eye_angry_right3": {
					"position": [0, 0, -0.1]
				}
			}
		},
		"animation.wugtrio.sad": {
			"loop": true,
			"bones": {
				"eye_sad_left1": {
					"position": [0, 0, -0.1]
				},
				"eye_sad_right1": {
					"position": [0, 0, -0.1]
				},
				"eye_sad_left2": {
					"position": [0, 0, -0.1]
				},
				"eye_sad_right2": {
					"position": [0, 0, -0.1]
				},
				"eye_sad_left3": {
					"position": [0, 0, -0.1]
				},
				"eye_sad_right3": {
					"position": [0, 0, -0.1]
				}
			}
		},
		"animation.wugtrio.happy": {
			"loop": true,
			"bones": {
				"eyelid_happy_left1": {
					"position": [0, 0, -0.1]
				},
				"eyelid_happy_right1": {
					"position": [0, 0, -0.1]
				},
				"eyelid_happy_left2": {
					"position": [0, 0, -0.1]
				},
				"eyelid_happy_right2": {
					"position": [0, 0, -0.1]
				},
				"eyelid_happy_left3": {
					"position": [0, 0, -0.1]
				},
				"eyelid_happy_right3": {
					"position": [0, 0, -0.1]
				}
			}
		},
		"animation.wugtrio.recoil": {
			"bones": {
				"eyelid_recoil_left1": {
					"position": [0, 0, -0.1]
				},
				"eyelid_recoil_right1": {
					"position": [0, 0, -0.1]
				},
				"eyelid_recoil_left2": {
					"position": [0, 0, -0.1]
				},
				"eyelid_recoil_right2": {
					"position": [0, 0, -0.1]
				},
				"eyelid_recoil_left3": {
					"position": [0, 0, -0.1]
				},
				"eyelid_recoil_right3": {
					"position": [0, 0, -0.1]
				}
			}
		}
	}
}