{
	"format_version": "1.8.0",
	"animations": {
		"animation.chiyu.ground_idle": {
			"loop": true,
			"bones": {
				"bone17": {
					"rotation": [4.50432, 19.50645, 13.27463],
					"position": [-1, 0, 0]
				},
				"bone16": {
					"rotation": [0, 15, 0]
				},
				"bone22": {
					"rotation": [2.87974, 8.53672, -32.61295],
					"position": [0, 0, 0]
				},
				"bone23": {
					"rotation": [0, -17.5, 0]
				},
				"bone24": {
					"rotation": [79.82374, -38.93048, 27.90821]
				},
				"bone25": {
					"rotation": [-17.80232, -36.43129, 28.40086]
				},
				"bone26": {
					"rotation": [79.82374, 38.9305, -27.9082]
				},
				"bone27": {
					"rotation": [-17.80232, 36.43129, -28.40084]
				},
				"bone30": {
					"rotation": [0, 20, 0]
				},
				"bone29": {
					"rotation": [0, -30, 0]
				},
				"bone28": {
					"rotation": [0, -22.5, 0]
				},
				"bone18": {
					"rotation": [4.50432, -19.5064, -13.2746],
					"position": [1, 0, 0]
				},
				"bone19": {
					"rotation": [0, 15, 0]
				},
				"bone31": {
					"rotation": [0, -22.5, 0]
				},
				"bone32": {
					"rotation": [0, -30, 0]
				},
				"bone33": {
					"rotation": [0, 20, 0]
				},
				"bone20": {
					"rotation": [2.87974, -8.5367, 32.613]
				},
				"bone34": {
					"rotation": [0, -15, 0]
				},
				"bone35": {
					"rotation": [0, 25, 0]
				},
				"bone36": {
					"rotation": [0, 27.5, 0]
				},
				"bone21": {
					"rotation": [0, -17.5, 0]
				},
				"bone37": {
					"rotation": [0, -15, 0]
				},
				"bone38": {
					"rotation": [0, 25, 0]
				},
				"bone39": {
					"rotation": [0, 27.5, 0]
				},
				"bone15": {
					"position": [0, 3, 0]
				}
			}
		}
	}
}