{
	"format_version": "1.8.0",
	"animations": {
		"animation.scraggy2025christmas.walk": {
			"loop": true,
			"animation_length": 4,
			"bones": {
				"body_bend": {
					"rotation": [5, 0, 0]
				},
				"torso": {
					"rotation": [-5, 0, 0]
				},
				"neck": {
					"rotation": {
						"0.0": [-5, 0, 0],
						"2.0417": [-19.92449, 0.35114, 4.0473],
						"4.0": [-5, 0, 0]
					},
					"position": {
						"0.0": [0, 0, 0],
						"1.4583": [0, -1, 0],
						"2.7083": [0, -1, 0],
						"4.0": [0, 0, 0]
					}
				},
				"head": {
					"rotation": [10, 0, 0]
				},
				"spike": {
					"rotation": [-3.28761, 22.22485, 8.37516]
				},
				"arm_right": {
					"rotation": [46.78011, 0.23553, 1.99698]
				},
				"elbow_right": {
					"rotation": [233.15804, -79.13352, -263.86783]
				},
				"pants_top": {
					"position": [0, 0, 0]
				},
				"tail": {
					"rotation": [2.5, 0, 0]
				},
				"foot_right": {
					"rotation": [0, 25, 0]
				},
				"foot_left": {
					"rotation": [0, -25, 0]
				},
				"tail2": {
					"rotation": [43.82668, 3.66209, 9.25334]
				},
				"tail3": {
					"rotation": [14.00683, -4.51375, 7.36953]
				},
				"tail4": {
					"rotation": [50, 0, 0]
				},
				"tail5": {
					"rotation": [20, 0, 0]
				},
				"hand_right": {
					"rotation": [0, 0, -17.5]
				},
				"arm_left": {
					"rotation": [38.77061, 10.12602, -1.04428]
				},
				"elbow_left": {
					"rotation": [145, 87.5, -180]
				},
				"hand_left": {
					"rotation": [0, 0, 7.5]
				},
				"scraggy": {
					"rotation": {
						"0.0": [0, 0, 0],
						"0.3333": [10, 0, 0],
						"1.0": [0, 0, 0],
						"1.3333": [10, 0, 0],
						"2.0": [0, 0, 0],
						"2.3333": [10, 0, 0],
						"3.0": [0, 0, 0],
						"3.3333": [10, 0, 0],
						"4.0": [0, 0, 0]
					},
					"position": {
						"0.0": [0, 0, 0],
						"0.3333": [0, -2, 2],
						"0.625": [0, 22, 2],
						"1.0": [0, 0, 0],
						"1.3333": [0, -2, 2],
						"1.625": [0, 16, 2],
						"2.0": [0, 0, 0],
						"2.3333": [0, -2, 2],
						"2.625": [0, 12, 2],
						"3.0": [0, 0, 0],
						"3.3333": [0, -2, 2],
						"3.625": [0, 19, 2],
						"4.0": [0, 0, 0]
					},
					"scale": {
						"0.0": [1, 1, 1],
						"0.3333": [1, 0.7, 1],
						"0.625": [1, 1.3, 1],
						"1.0": [1, 1, 1],
						"1.3333": [1, 0.7, 1],
						"1.625": [1, 1.3, 1],
						"2.0": [1, 1, 1],
						"2.3333": [1, 0.7, 1],
						"2.625": [1, 1.3, 1],
						"3.0": [1, 1, 1],
						"3.3333": [1, 0.7, 1],
						"3.625": [1, 1.3, 1],
						"4.0": [1, 1, 1]
					}
				},
				"pants": {
					"rotation": {
						"0.0": [0, 0, 0],
						"1.0": [0, 0, -2.5],
						"3.0": [0, 0, 2.5],
						"4.0": [0, 0, 0]
					},
					"position": {
						"0.0": [0, 0, 0],
						"2.0": [0, -0.25, 0],
						"4.0": [0, 0, 0]
					}
				},
				"pants_middle": {
					"position": [0, 0, 0]
				},
				"hat": {
					"rotation": {
						"0.0": [0, 0, 0],
						"1.0": [-2.49762, 0.10901, 2.49762],
						"2.0": [-5, 0, 0],
						"3.0": [-4.98107, -0.43523, -4.98107],
						"4.0": [0, 0, 0]
					}
				},
				"ears": {
					"rotation": [0, 0, 0]
				},
				"ear1": {
					"rotation": {
						"0.0": [0, 0, 0],
						"2.0": [0, 0, -5],
						"4.0": [0, 0, 0]
					}
				},
				"ear2": {
					"rotation": {
						"0.0": [0, 0, 0],
						"2.0": [0, 0, 5],
						"4.0": [0, 0, 0]
					}
				}
			}
		},
		"animation.scraggy2025christmas.ground_idle": {
			"loop": true,
			"animation_length": 4,
			"bones": {
				"body_bend": {
					"rotation": [5, 0, 0]
				},
				"torso": {
					"rotation": [-5, 0, 0]
				},
				"neck": {
					"rotation": {
						"0.0": [-5, 0, 0],
						"2.0417": [-19.92449, 0.35114, 4.0473],
						"4.0": [-5, 0, 0]
					},
					"position": {
						"0.0": [0, 0, 0],
						"1.4583": [0, -1, 0],
						"2.7083": [0, -1, 0],
						"4.0": [0, 0, 0]
					}
				},
				"head": {
					"rotation": [10, 0, 0]
				},
				"spike": {
					"rotation": [-3.28761, 22.22485, 8.37516]
				},
				"arm_right": {
					"rotation": [46.78011, 0.23553, 1.99698]
				},
				"elbow_right": {
					"rotation": [233.15804, -79.13352, -263.86783]
				},
				"pants_top": {
					"position": [0, 0, 0]
				},
				"tail": {
					"rotation": [2.5, 0, 0]
				},
				"foot_right": {
					"rotation": [0, 25, 0]
				},
				"foot_left": {
					"rotation": [0, -25, 0]
				},
				"tail2": {
					"rotation": [43.82668, 3.66209, 9.25334]
				},
				"tail3": {
					"rotation": [14.00683, -4.51375, 7.36953]
				},
				"tail4": {
					"rotation": [50, 0, 0]
				},
				"tail5": {
					"rotation": [20, 0, 0]
				},
				"hand_right": {
					"rotation": [0, 0, -17.5]
				},
				"arm_left": {
					"rotation": [38.77061, 10.12602, -1.04428]
				},
				"elbow_left": {
					"rotation": [145, 87.5, -180]
				},
				"hand_left": {
					"rotation": [0, 0, 7.5]
				},
				"pants": {
					"rotation": {
						"0.0": [0, 0, 0],
						"1.0": [0, 0, -2.5],
						"3.0": [0, 0, 2.5],
						"4.0": [0, 0, 0]
					},
					"position": {
						"0.0": [0, 0, 0],
						"2.0": [0, -0.25, 0],
						"4.0": [0, 0, 0]
					}
				},
				"pants_middle": {
					"position": [0, 0, 0]
				},
				"hat": {
					"rotation": {
						"0.0": [0, 0, 0],
						"1.0": [-2.49762, 0.10901, 2.49762],
						"2.0": [-5, 0, 0],
						"3.0": [-4.98107, -0.43523, -4.98107],
						"4.0": [0, 0, 0]
					}
				},
				"ears": {
					"rotation": [0, 0, 0]
				},
				"ear1": {
					"rotation": {
						"0.0": [0, 0, 0],
						"2.0": [0, 0, -5],
						"4.0": [0, 0, 0]
					}
				},
				"ear2": {
					"rotation": {
						"0.0": [0, 0, 0],
						"2.0": [0, 0, 5],
						"4.0": [0, 0, 0]
					}
				}
			}
		},
		"animation.scraggy2025christmas.blink": {
			"animation_length": 0.1667,
			"bones": {
				"eyelid_right": {
					"position": {
						"0.0": [-0.1, 0, -0.1],
						"0.125": [-0.1, 0, -0.1],
						"0.1667": [0, 0, 0]
					}
				},
				"eyelid_left": {
					"position": {
						"0.0": [0.1, 0, -0.1],
						"0.125": [0.1, 0, -0.1],
						"0.1667": [0, 0, 0]
					}
				}
			}
		},
		"animation.scraggy2025christmas.mouth": {
			"loop": true,
			"bones": {
				"mouth": {
					"position": [0, 0, -0.1]
				}
			}
		},
		"animation.scraggy2025christmas.mouth2": {
			"loop": true,
			"bones": {
				"mouth": {
					"position": [0, 0, -0.1]
				},
				"mouth2": {
					"position": [0, 0, -0.1]
				}
			}
		}
	}
}