{"format_version":"1.8.0","animations":{"animation.rayquaza.ground_idle":{"loop":true,"bones":{"body":{"rotation":[297.5,0,0],"position":[0,39,50]},"neck":{"rotation":[-25,0,0]},"neck2":{"rotation":[12.5,0,0]},"neck3":{"rotation":[34.84995,0,0]},"neck4":{"rotation":[40,0,0]},"jaw":{"rotation":[25,0,0]},"torso":{"rotation":[-42.52718,-1.84293,1.68956]},"segment1":{"rotation":[-12.93609,-11.8671,3.91863]},"segment":{"rotation":[-16.53946,-14.96323,-4.15514]},"segment2":{"rotation":[46.28137,-8.43654,-16.9165]},"segment3":{"rotation":[38.8507,-5.86301,-7.36678]},"segment4":{"rotation":[15.05955,1.27811,-9.24565]},"segment5":{"rotation":[16.98187,-18.02736,-9.38961]},"segment6":{"rotation":[15.24196,22.50126,5.22376]},"segment7":{"rotation":[4.42151,16.77112,-7.30151]},"segment8":{"rotation":[0.20559,17.55948,-6.94548]},"segment9":{"rotation":[17.77052,11.03574,-1.73063]},"segment10":{"rotation":[6.1008,7.95602,-0.09601]},"segment11":{"rotation":[-1.90081,12.95933,-0.80566]},"segment12":{"rotation":[8.14483,24.3558,5.05228]},"segment13":{"rotation":[2.8258,13.90178,1.61311]},"segment14":{"rotation":[10.08453,7.38542,1.30962]},"tail1":{"rotation":[-1.93177,14.37863,6.07139]},"tail":{"rotation":[2.75768,12.22044,2.42494]},"tail2":{"rotation":[-2.8994,20.53591,-1.10755]},"tail3":{"rotation":[-2.39798,19.73327,1.54193]},"tail_spike_left":{"rotation":[0.00706,-2.4786,-0.32652]},"tail_spike_right":{"rotation":[0.00706,2.4786,0.32652]},"tail4":{"rotation":[-7.24687,9.53274,3.03513]},"arms":{"rotation":[0,2.5,0]},"arm_left":{"rotation":[34.76905,-4.29357,6.15518]},"arm_left2":{"rotation":[0,-17.5,20]},"arm_left3":{"rotation":[0,0,57.5]},"hand_left":{"rotation":[87.5,47.5,0]},"finger_middle_left":{"rotation":[0,0,-20]},"finger_middle_left2":{"rotation":[0,0,15]},"finger_front_left":{"rotation":[1.40458,22.38126,45.45107]},"finger_front_left2":{"rotation":[0,-20,0]},"finger_back_left":{"rotation":[-2.35666,-17.34551,42.85952]},"finger_back_left2":{"rotation":[0,20,0]},"arm_right":{"rotation":[34.76905,4.29357,-6.15518]},"arm_right2":{"rotation":[0,17.5,-20]},"arm_right3":{"rotation":[0,0,-57.5]},"pupil_left":{"position":[0,-0.25,-0.25]},"hand_right":{"rotation":[87.5,-47.5,0]},"finger_middle_right":{"rotation":[0,0,20]},"finger_middle_right2":{"rotation":[0,0,-15]},"finger_front_right":{"rotation":[1.40458,-22.38126,-45.45107]},"finger_front_right2":{"rotation":[0,20,0]},"finger_back_right":{"rotation":[-2.35666,17.34551,-42.85952]},"finger_back_right2":{"rotation":[0,-20,0]},"pupil_right":{"position":[0,-0.25,-0.25]}}},"animation.rayquaza.blink":{"animation_length":0.1667,"bones":{"pupil_left":{"position":{"0.0":[-0.1,0,0],"0.125":[-0.1,0,0],"0.1667":[0,0,0]}},"pupil_closed_left":{"position":{"0.0":[0.1,0,0],"0.125":[0.1,0,0],"0.1667":[0,0,0]}},"pupil_right":{"position":{"0.0":[0.1,0,0],"0.125":[0.1,0,0],"0.1667":[0,0,0]}},"pupil_closed_right":{"position":{"0.0":[-0.1,0,0],"0.125":[-0.1,0,0],"0.1667":[0,0,0]}}}},"animation.rayquaza.eye_size":{"loop":true,"bones":{"pupil_left":{"scale":0.7},"pupil_right":{"scale":0.7}}}}}